{
    "1": {
        "Peso": 11.0,
        "estatura": 1.0,
        "imc": 11.0,
        "peso corporal": "delgadez severa"
    },
    "12": {
        "Peso": 12.0,
        "estatura": 12.0,
        "imc": 0.08333333333333333,
        "peso corporal": "delgadez severa"
    },
    "3": {
        "Peso": 3.0,
        "estatura": 3.0,
        "imc": 0.3333333333333333,
        "peso corporal": "delgadez severa"
    },
    "11": {
        "Peso": 11.0,
        "estatura": 13.0,
        "imc": 0.0650887573964497,
        "peso corporal": "delgadez severa"
    },
    "112": {
        "Peso": 11.0,
        "estatura": 13.0,
        "imc": 0.0650887573964497,
        "peso corporal": "delgadez severa"
    },
    "1243": {
        "Peso": 12.0,
        "estatura": 123.0,
        "imc": 0.000793178663493952,
        "peso corporal": "delgadez severa"
    }
}